Yosys,regress-vlg_br_gh330_iv
Verilator,repeat_production_statements_0
Verilator,random_sequence_generation_randsequence_0
Verilator,random_sequence_generation_randsequence_2
Verilator,interleaving_productions_rand_join_2
Verilator,aborting_productions_break_and_return_0
Verilator,case_production_statements_0
Verilator,interleaving_productions_rand_join_0
Verilator,aborting_productions_break_and_return_2
Verilator,if_else_production_statements_0
Verilator,if_else_production_statements_2
Verilator,random_production_weights_0
